bplist00—_WebMainResource’	
_WebResourceData_WebResourceMIMEType_WebResourceTextEncodingName^WebResourceURL_WebResourceFrameNameO#ü<html><head></head><body><pre style="word-wrap: break-word; white-space: pre-wrap;">subject_id,age,has_t1d,cg11919694,cg10052840,cg11158729,cg00138126,cg10660256,cg00503840,cg13975369,cg21794225,cg19722847,cg12758687
00604-0,0.76659822,False,2.2708023441760288,1.2872930567752814,1.3229433234323578,0.7823539076146303,0.5938939723977229,-0.6621332174147594,-1.232119868448199,-0.6014150323904969,2.3286588208609045,-0.8485143256620156
00604-0,11.41409993,False,-0.1569346152502543,-1.0309240008600495,-0.6487099464546725,-0.06719151312377769,0.9628242080020617,1.5193475093880142,-0.3790602380531192,0.546323029862743,-0.09059878173875752,0.03292833699594888
00409-0,0.772073922,True,2.7671745131604273,2.461381184812973,2.682140241760292,1.5215776484273111,-0.4618121952184215,-2.0336164301942707,0.6194592774794652,-0.548297669519893,1.652055337688556,-1.6163732898704535e-05
00409-0,11.94798084,True,0.5393590517612727,-0.6991383204515603,0.18431593092067838,-1.1314891821239421,0.9402409199821219,1.4358717243756003,0.597868654181782,0.18039319429630452,-0.5678048615168165,0.8334713897837756
20228-0,0.821355236,False,2.2341007841071465,2.270284144033235,2.3672883496021675,2.653433244327178,0.06475969004483494,-1.2021672493045654,-0.9612687048812517,-0.3389505898877151,1.8821180615676258,0.9991726193099651
20228-0,14.7761807,False,-0.5900410749524547,-0.3578573713090887,-1.7086738170754083,0.5810665586705305,0.9150751331667711,0.36555125275540945,0.4678696564645125,-3.878489819805126,-2.2842712109877126,2.262159985661702
36336-0,1.303216975,True,-0.42268525617518177,1.1725625687808496,0.7634123060132401,0.24471806401091378,-0.3681176417314519,-0.6504462894537827,-0.8315888095709435,0.36129094739053236,1.993629528662481,1.2657940044071985
36336-0,14.71868583,True,-2.312711900531793,-1.6532135152958296,-1.0820091976418973,-1.9501686482661358,-0.43394187022691755,0.5480195644776309,0.3192628609519019,-0.9918796338771181,-0.796539698184818,-0.1324957909167074
00824-0,0.821355236,False,0.3541973895657133,0.9143405653023904,0.9534684582957612,-0.15844618947068775,-0.811883390182474,-0.3689941023888205,0.3187650657233764,0.7819361209762248,1.3795429819082423,0.3794229984011792
00824-0,10.08898015,False,-0.8893896107054292,-0.7313468514943822,-0.861949304051157,-1.2877954903930557,0.4507697285981784,0.7583974890511547,2.25206788612012,0.611827905062671,-0.4889567505772893,1.8697885498260995
00997-0,2.729637235,True,0.5746066211172818,0.011460564263183136,-0.2827265240291381,-0.6108636107097992,0.7800438456317926,0.193907603601475,-0.684973962702955,-0.40908075042260805,0.5615428144752619,2.1194487996159284
00997-0,11.37029432,True,0.4247325189824309,-1.2026618295304246,-0.40993930555486924,-0.8781466291420067,1.2177145045358067,1.4772985631412985,0.31148875034798024,0.33527947657393775,-0.17560904678373904,1.4617437212265894
00748-0,5.993155373,True,0.23235045919935302,-0.5822263107992819,-0.32497702497091707,-0.7501126314696124,-0.5207240657836859,-0.5139043450664773,-0.18728996202396123,-0.2883030602496831,-0.7811147234570162,-0.21149933657524636
00748-0,11.33470226,True,-0.0009406433755180018,-1.1545606472541972,-0.6104820265672234,-1.1578290161098475,0.10052332965363893,0.19254233555826733,0.7710477247988249,0.5045954340147786,-0.7624202475402923,-0.7271271478715989
37997-0,1.297741273,False,0.8869528076941027,1.9130065457586143,1.8825464992513634,1.7961852201487902,-1.1521767835400218,-0.615712550106901,0.6293163258990704,0.711055688302898,1.5187995892703139,-0.3161476748414535
37997-0,15.94798084,False,-1.5046126635844808,-0.5610677200156002,-1.7451091698357284,-0.8361136743368753,-0.005731901017143342,0.7468384937073058,0.5594303529473234,0.5936345909427652,-1.1586510981951155,0.017514417778470504
30541-0,1.229295003,True,-0.44308917347083315,0.7440610681253889,0.5358792306434215,-0.3052809515947054,-0.7252880153140924,-0.21813422340790295,0.3712963290202162,-0.7136563905076475,0.7789269153032852,-0.9519595785192836
30541-0,13.96851472,True,-0.8747064717399493,-1.2303178290249404,-0.8750886598967674,-1.4733497529187545,0.17168364020795784,1.4220745340679306,1.956775986376648,-0.7230071824409393,-2.681499498250242,-0.5229150091842558
13629-0,0.783025325,False,1.202094161244782,1.1596758683089377,1.3452238680566346,1.608437869431945,-0.6141788762165452,-0.9633565519617208,-0.3812854643935298,0.08292402439231751,1.263963800182355,0.0984241458046976
13629-0,12.65982204,False,-1.0305444983005518,-0.9614311336046815,-1.0894671778958933,-0.39764070174730315,0.2914610355197416,1.3527934200251863,0.3798062915849755,-0.5168239307320404,-1.4450648136607125,0.025255539362151982
18963-0,1.248459959,True,1.4832553236637773,0.9553547749194506,1.862689961183068,2.487433124378289,-0.17013272375721247,-0.6725072629198775,0.3219361119485221,0.5483555158256748,2.0427210439656003,1.2107909586000534
18963-0,11.41957563,True,-1.0002095134903208,-1.1056684042246523,-1.9537202268934273,0.10348783702278506,-1.518279774074444,-0.3242770402418516,-0.006539560231038602,-1.1691684876659179,-2.212478656369627,0.44279682013498506
31320-0,0.76386037,False,1.4908146279195682,-0.10931480229788612,0.10140535404338133,-0.7715409258522459,-0.13884773187025728,-0.5980827801964165,0.15724975565958965,-0.45159220218012963,1.3710475713379737,-0.46476955773486206
31320-0,11.61670089,False,0.3743691903307792,-1.4901103034863874,-1.204714003766721,-1.3481886319354544,0.6887921332681731,0.5342341839699846,1.8140439880284858,-1.2759605218162287,-0.5592642330450895,-0.14467356629324635
00707-0,1.152635181,True,2.0465030796327204,1.0119501821260133,1.4294750978110078,0.9653825842626569,-0.4249930161680365,-1.1498005962801627,-0.05010798448605001,0.20011907873626308,0.45413883781114067,-0.42865376887553586
00707-0,12.60506502,True,-0.9490140055262823,-1.1491659059928971,-0.6578093998387717,-1.206656218980436,-0.9908279770603313,-0.3466713645756348,0.5662407697757287,-0.07117677117515782,-2.2966057600705456,-0.8182928657045437
00581-0,0.90349076,True,0.7084845445555977,0.8411883233788722,0.9664319389495055,1.6816076986412591,-1.187267844006076,-1.4745817890599384,-0.5644670670369057,-0.27271896278094715,1.0143137711732302,-0.38078350255081317
00581-0,10.36276523,True,-1.1294202775908935,-1.117559606181595,-0.9038705214580336,0.21872073547760076,-1.6477288613737677,0.33926483788326217,-0.02910629212481971,-1.660874997295915,-1.7704783076286674,-0.4029201297096615
00290-0,4.793976728,False,-0.553316185454005,-0.7064816605179816,-1.1770764867855719,-1.6799589386955167,0.43712438493835204,0.07650167843170577,0.29033693278599065,-1.1641214679568541,-0.29325490300130114,-0.2794592111856045
00290-0,12.92539357,False,-0.15219187884752183,-1.4430959928457165,-1.4827500959089002,-1.3286409357264852,0.3192613844262602,0.1540142284940689,0.04767205791797685,-0.8964512058346669,-1.1815056956022079,0.4191490129036867
00027-0,4.670773443,True,0.5507868008414003,-0.3912902153970528,-0.9845825942422682,0.1032337117451657,0.39168667643395944,0.2799332936545264,0.39921571175231213,-1.2706744041936529,-0.48649970107323637,-0.32164154997582445
00027-0,14.13552361,True,-0.09339671367483014,-0.9996104261166091,-0.30853153914170106,-0.23631092109027227,0.8277385999666517,1.9467079465714536,1.446482338245728,-0.5018296338255839,-1.1706670247441535,0.9817686037888681
00840-0,3.063655031,False,-0.6884650053606064,-0.7968686675103784,-0.7932761486811648,-0.9223141615921316,0.6596926606775282,-0.2749674329815288,0.06317373969027258,1.0165181490876027,0.06253030937285124,0.44518157790568225
00840-0,10.10814511,False,-0.5770053160405163,-0.9231035698384771,0.07528491417578362,-0.37612856659614613,1.660221616723514,1.225913392708768,0.45090032293656246,0.0015690175946015377,-0.2672622721349675,1.4384588362103083
00275-0,3.143052704,True,-0.8115194102296504,-0.43326006690960067,-0.6791405403666355,-1.1089207162194228,1.1647045112377135,-0.5476749614595047,-0.47024111402223434,0.06208443917350161,-0.14146207887996465,-0.8616163534898265
00275-0,10.34360027,True,-1.025701576663527,-1.379808509306619,-0.5529882311818294,-1.0922170859690687,1.2544959059809797,0.3211902124800873,0.6634311297348274,0.818481658335523,-1.102472091944582,-0.3813756008654966
20839-0,1.262149213,False,-0.2441316928733755,0.6762589964432615,-0.13025944270648032,-0.1087182368387749,-1.0464661377878102,-1.8235819180565258,-1.3499268915460048,-0.10505776035738074,1.2308290704778149,-0.7604586700166635
20839-0,13.93292266,False,-1.161853153592263,-1.1543695948063635,-0.992452598039763,0.26701634338225544,0.46823070883928414,0.8729527812468297,-0.9312555876603171,0.2403550436325951,-0.8178618286701612,1.1907162655690526
11748-0,0.758384668,False,0.3999167234072625,0.2266332197617751,1.6240224879191976,0.7477102215091203,-2.2314862380961,-1.898116964501474,-2.182831139611769,-0.06174352538477047,0.7277161897491433,-0.8636688354158615
11748-0,11.24982888,False,-1.6451961387669356,-1.5279299249236664,-0.44657616516289883,-0.9092201861162846,-0.3267593234153624,0.05815776393128502,-1.142608976753424,-0.7582301686693291,-1.4037150463908914,0.22637316788250966
</pre></body></html>Ztext/plainUUTF-8_ùhttps://raw.githubusercontent.com/mike-gee/temporal-dna-methylation/master/longitudinal_data/longitudinal_methylation.csv?token=AHA2IIL5VRZS2JTSF5RQREDBTOT6IP    ( : P n } î$7$B$H$Ë                           $È